500,TIME LIMITS MAINTENANCE CHECKS General
510,TIME LIMITS MAINTENANCE CHECKS Time Limits
520,TIME LIMITS MAINTENANCE CHECKS Scheduled MainteGeneralce Checks
530,TIME LIMITS MAINTENANCE CHECKS General
530,TIME LIMITS MAINTENANCE CHECKS General
550,TIME LIMITS MAINTENANCE CHECKS Unscheduled MainteGeneralce checks
600,DIMENSIONS AND AREAS General
700,LIFTING SHORING General
710,LIFTING SHORING Jacking
720,LIFTING SHORING Shoring
800,LEVELING WEIGHING General
810,LEVELING WEIGHING Weighing and Balancing
820,LEVELING WEIGHING Leveling
900,TOWING TAXIING General
910,TOWING TAXIING Towing
920,TOWING TAXIING Taxiing
1000,PARKING MOORING STORAGE RETURN TO SERVICE General
1100,PLACARDS AND MARKINGS General
1110,PLACARDS AND MARKINGS Exterior Color Schemes and Markings
1120,PLACARDS AND MARKINGS Exterior Placards and Markings
1130,PLACARDS AND MARKINGS Interior Placards
1200,SERVICING ROUTINE General
1210,SERVICING ROUTINE Replenishing
1220,SERVICING ROUTINE Scheduled Servicing
1230,SERVICING ROUTINE Unscheduled Servicing
1213,SERVICING ROUTINE Unservicing
1214,SERVICING ROUTINE Reservicing
1215,SERVICING ROUTINE Ops Check Good
1800,VIBRATION AND NOISE ANALYSIS (HELICOPTER ONLY) General
1810,VIBRATION AND NOISE ANALYSIS (HELICOPTER ONLY) Vibration Analysis
1820,VIBRATION AND NOISE ANALYSIS (HELICOPTER ONLY) Noise Analysis
2000,STANDARD PRACTICES AIRFRAME Electrical Standard Items Practices
2100,AIR CONDITIONING Air Conditioning General
2110,AIR CONDITIONING Compression
2120,AIR CONDITIONING Distribution
2130,AIR CONDITIONING Pressurization Control
2140,AIR CONDITIONING Heating
2150,AIR CONDITIONING Cooling
2160,AIR CONDITIONING Temperature Control
2170,AIR CONDITIONING Moisture Air ContamiGeneralt Control
2200,AUTO FLIGHT General
2210,AUTO FLIGHT Autopilot
2220,AUTO FLIGHT Speed Attitude Correction
2230,AUTO FLIGHT Auto Throttle
2240,AUTO FLIGHT System Monitor
2250,AUTO FLIGHT Aerodynamic Load Alleviating
2300,COMMUNICATIONS General
2310,COMMUNICATIONS Speech Communications
2320,COMMUNICATIONS Data Transmission and Automatic Calling
2330,COMMUNICATIONS Passenger Address Entertainment and Comfort
2340,COMMUNICATIONS Interphone
2350,COMMUNICATIONS Audio Integrating
2360,COMMUNICATIONS Static Discharging
2370,COMMUNICATIONS Audio  Video Monitoring
2380,COMMUNICATIONS Integrated Automatic Tuning
2400,ELECTRICAL POWER General
2410,ELECTRICAL POWER Generator Drive
2420,ELECTRICAL POWER AC Generation
2430,ELECTRICAL POWER DC Generation
2440,ELECTRICAL POWER External Power
2450,ELECTRICAL POWER AC Electrical Load Distribution
2460,ELECTRICAL POWER DC Electrical Load Distribution
2500,EQUIPMENT FURNISHINGS General
2510,EQUIPMENT FURNISHINGS Flight Compartment
2520,EQUIPMENT FURNISHINGS Passenger Compartment
2530,EQUIPMENT FURNISHINGS Galley
2540,EQUIPMENT FURNISHINGS Lavatories
2550,EQUIPMENT FURNISHINGS Additional Compartments
2560,EQUIPMENT FURNISHINGS Emergency
2570,EQUIPMENT FURNISHINGS Available
2580,EQUIPMENT FURNISHINGS Insulation
2600,FIRE PROTECTION General
2610,FIRE PROTECTION Detection
2620,FIRE PROTECTION Extinguishing
2630,FIRE PROTECTION Explosion Suppression
2700,FLIGHT CONTROLS General
2710,FLIGHT CONTROLS Aileron  Tab
2720,FLIGHT CONTROLS Rudder and Tab
2730,FLIGHT CONTROLS Elevator and Tab
2740,FLIGHT CONTROLS Horizontal Stabilizer
2750,FLIGHT CONTROLS Flaps
2760,FLIGHT CONTROLS Spoiler Drag Devices and Variable Aerodynamic Fairings
2770,FLIGHT CONTROLS Gust Lock and Dampener
2780,FLIGHT CONTROLS Lift Augmenting
2800,FUEL General
2810,FUEL Storage
2820,FUEL Distribution
2830,FUEL Dump
2840,FUEL Indicating
2900,HYDRAULIC POWER General
2910,HYDRAULIC POWER Main
2920,HYDRAULIC POWER Auxiliary
2930,HYDRAULIC POWER Indicating
3000,ICE AND RAIN PROTECTION General
3010,ICE AND RAIN PROTECTION Airfoil
3020,ICE AND RAIN PROTECTION Air Intakes
3030,ICE AND RAIN PROTECTION Pitot and Static
3040,"ICE AND RAIN PROTECTION Windows, Windshields and Doors"
3050,ICE AND RAIN PROTECTION Antennas and Radomes
3060,ICE AND RAIN PROTECTION Propellers/Rotors
3070,ICE AND RAIN PROTECTION Water Lines
3080,ICE AND RAIN PROTECTION Detection
3100,INDICATING RECORDING SYSTEMS General
3110,INDICATING RECORDING SYSTEMS Instrument and Control Panels
3120,INDICATING RECORDING SYSTEMS Independent Instruments
3130,INDICATING RECORDING SYSTEMS Recorders
3140,INDICATING RECORDING SYSTEMS Central Computers
3150,INDICATING RECORDING SYSTEMS Central Warning Systems
3160,INDICATING RECORDING SYSTEMS Central Display Systems
3170,INDICATING RECORDING SYSTEMS Automatic Data Reporting Systems
3200,LANDING GEAR General
3210,LANDING GEAR Main Gear and Doors
3220,LANDING GEAR Nose Gear and Doors
3230,LANDING GEAR Extension and Retraction
3240,LANDING GEAR Wheels and Brakes
3250,LANDING GEAR Steering
3260,LANDING GEAR Position Indication and Warning
3270,LANDING GEAR Supplementary Gear
3300,LIGHTS General
3310,LIGHTS Flight Compartment
3320,LIGHTS Passenger Compartment
3330,LIGHTS Cargo and Service Compartments
3340,LIGHTS Exterior
3350,LIGHTS Emergency Lighting
3400,NAVIGATION General
3410,NAVIGATION Flight Environment Data
3420,NAVIGATION Attitude and Direction
3430,NAVIGATION Landing and Taxiing Aids
3440,NAVIGATION Independent Position Determining
3450,NAVIGATION Dependent Position Determining
3460,NAVIGATION Flight Management Computing
3500,OXYGEN General
3510,OXYGEN Crew
3520,OXYGEN Passenger
3530,OXYGEN Portable
3600,PNEUMATIC General
3610,PNEUMATIC Distribution
3620,PNEUMATIC Indicating
3700,VACUUM General
3710,VACUUM Distribution
3720,VACUUM Indicating
3800,WATER WASTE General
3810,WATER WASTE Potable
3820,WATER WASTE Wash
3830,WATER WASTE Waste Disposal
3840,WATER WASTE Air Supply
4100,WATER BALLAST General
4110,WATER BALLAST Storage
4120,WATER BALLAST Dump
4130,WATER BALLAST Indication
4200,INTEGRATED MODEULAR AVIONICS General
4220,INTEGRATED MODEULAR AVIONICS Core System
4230,INTEGRATED MODEULAR AVIONICS Netwrok Components
4400,CABIN SYSTEMS General
4410,CABIN SYSTEMS Cabin Core System
4420,CABIN SYSTEMS Inflight Entertainment System
4430,CABIN SYSTEMS External Communication System
4440,CABIN SYSTEMS Cabin Mass Memory System
4450,CABIN SYSTEMS Cabin Monitoring System
4460,CABIN SYSTEMS Miscellaneous Cabin System
4500,CENTRAL MAINTENANCE SYSTEM  General
4505,CENTRAL MAINTENANCE SYSTEM  Aircraft General
4506,CENTRAL MAINTENANCE SYSTEM  Aircraft General
4507,CENTRAL MAINTENANCE SYSTEM  Aircraft General
4508,CENTRAL MAINTENANCE SYSTEM  Aircraft General
4509,CENTRAL MAINTENANCE SYSTEM  Aircraft General
4510,CENTRAL MAINTENANCE SYSTEM  Aircraft General
4511,CENTRAL MAINTENANCE SYSTEM  Aircraft General
4512,CENTRAL MAINTENANCE SYSTEM  Aircraft General
4513,CENTRAL MAINTENANCE SYSTEM  Aircraft General
4514,CENTRAL MAINTENANCE SYSTEM  Aircraft General
4515,CENTRAL MAINTENANCE SYSTEM  Aircraft General
4516,CENTRAL MAINTENANCE SYSTEM  Aircraft General
4517,CENTRAL MAINTENANCE SYSTEM  Aircraft General
4518,CENTRAL MAINTENANCE SYSTEM  Aircraft General
4519,CENTRAL MAINTENANCE SYSTEM  Aircraft General
4520,CENTRAL MAINTENANCE SYSTEM  Airframe Systems
4521,CENTRAL MAINTENANCE SYSTEM  Airframe Systems
4522,CENTRAL MAINTENANCE SYSTEM  Airframe Systems
4523,CENTRAL MAINTENANCE SYSTEM  Airframe Systems
4524,CENTRAL MAINTENANCE SYSTEM  Airframe Systems
4525,CENTRAL MAINTENANCE SYSTEM  Airframe Systems
4526,CENTRAL MAINTENANCE SYSTEM  Airframe Systems
4527,CENTRAL MAINTENANCE SYSTEM  Airframe Systems
4528,CENTRAL MAINTENANCE SYSTEM  Airframe Systems
4529,CENTRAL MAINTENANCE SYSTEM  Airframe Systems
4530,CENTRAL MAINTENANCE SYSTEM  Airframe Systems
4531,CENTRAL MAINTENANCE SYSTEM  Airframe Systems
4532,CENTRAL MAINTENANCE SYSTEM  Airframe Systems
4533,CENTRAL MAINTENANCE SYSTEM  Airframe Systems
4534,CENTRAL MAINTENANCE SYSTEM  Airframe Systems
4535,CENTRAL MAINTENANCE SYSTEM  Airframe Systems
4536,CENTRAL MAINTENANCE SYSTEM  Airframe Systems
4537,CENTRAL MAINTENANCE SYSTEM  Airframe Systems
4538,CENTRAL MAINTENANCE SYSTEM  Airframe Systems
4539,CENTRAL MAINTENANCE SYSTEM  Airframe Systems
4540,CENTRAL MAINTENANCE SYSTEM  Airframe Systems
4541,CENTRAL MAINTENANCE SYSTEM  Airframe Systems
4542,CENTRAL MAINTENANCE SYSTEM  Airframe Systems
4543,CENTRAL MAINTENANCE SYSTEM  Airframe Systems
4544,CENTRAL MAINTENANCE SYSTEM  Airframe Systems
4545,CENTRAL MAINTENANCE SYSTEM  General
4550,CENTRAL MAINTENANCE SYSTEM  Structures
4551,CENTRAL MAINTENANCE SYSTEM  Structures
4552,CENTRAL MAINTENANCE SYSTEM  Structures
4553,CENTRAL MAINTENANCE SYSTEM  Structures
4554,CENTRAL MAINTENANCE SYSTEM  Structures
4555,CENTRAL MAINTENANCE SYSTEM  Structures
4556,CENTRAL MAINTENANCE SYSTEM  Structures
4557,CENTRAL MAINTENANCE SYSTEM  Structures
4558,CENTRAL MAINTENANCE SYSTEM  Structures
4559,CENTRAL MAINTENANCE SYSTEM  Structures
4560,CENTRAL MAINTENANCE SYSTEM  Propellers
4561,CENTRAL MAINTENANCE SYSTEM  Propellers
4562,CENTRAL MAINTENANCE SYSTEM  Propellers
4563,CENTRAL MAINTENANCE SYSTEM  Propellers
4564,CENTRAL MAINTENANCE SYSTEM  Propellers
4565,CENTRAL MAINTENANCE SYSTEM  Propellers
4566,CENTRAL MAINTENANCE SYSTEM  Propellers
4567,CENTRAL MAINTENANCE SYSTEM  Propellers
4568,CENTRAL MAINTENANCE SYSTEM  Propellers
4569,CENTRAL MAINTENANCE SYSTEM  Propellers
4570,CENTRAL MAINTENANCE SYSTEM  Power Plant
4571,CENTRAL MAINTENANCE SYSTEM  Power Plant
4572,CENTRAL MAINTENANCE SYSTEM  Power Plant
4573,CENTRAL MAINTENANCE SYSTEM  Power Plant
4574,CENTRAL MAINTENANCE SYSTEM  Power Plant
4575,CENTRAL MAINTENANCE SYSTEM  Power Plant
4576,CENTRAL MAINTENANCE SYSTEM  Power Plant
4577,CENTRAL MAINTENANCE SYSTEM  Power Plant
4578,CENTRAL MAINTENANCE SYSTEM  Power Plant
4579,CENTRAL MAINTENANCE SYSTEM  Power Plant
4600,INFORMATION SYSTEMS General
4610,INFORMATION SYSTEMS Airplane General Information Systems
4620,INFORMATION SYSTEMS Flight Deck Information Systems
4630,INFORMATION SYSTEMS MainteGeneralce Information Systems
4640,INFORMATION SYSTEMS Passenger Cabin Information Systems
4650,INFORMATION SYSTEMS Miscellaneous Information Systems
4700,NITROGEN GENERATION SYSTEM General
4710,NITROGEN GENERATION SYSTEM Generation Storage
4720,NITROGEN GENERATION SYSTEM Distribution
4720,NITROGEN GENERATION SYSTEM Control
4740,NITROGEN GENERATION SYSTEM Indicating
4900,AIRBORNE AUXILIARY POWER General
4910,AIRBORNE AUXILIARY POWER Power Plant
4920,AIRBORNE AUXILIARY POWER Engine
4930,AIRBORNE AUXILIARY POWER Engine Fuel and Control
4940,AIRBORNE AUXILIARY POWER Ignition Starting
4950,AIRBORNE AUXILIARY POWER Air
4960,AIRBORNE AUXILIARY POWER Engine Controls
4970,AIRBORNE AUXILIARY POWER Indicating
4980,AIRBORNE AUXILIARY POWER Exhaust
4990,AIRBORNE AUXILIARY POWER Oil
5000,CARGO AND ACCESSORY COMPARTMENTS General
5010,CARGO AND ACCESSORY COMPARTMENTS Cargo Compartments
5020,CARGO AND ACCESSORY COMPARTMENTS Cargo Loading Systems
5030,CARGO AND ACCESSORY COMPARTMENTS Cargo Related Systems
5040,CARGO AND ACCESSORY COMPARTMENTS Available
5050,CARGO AND ACCESSORY COMPARTMENTS Accessory
5060,CARGO AND ACCESSORY COMPARTMENTS Insulation
5100,STANDARD PRACTICES GENERAL General
5110,STANDARD PRACTICES GENERAL Investigation Cleanup and Aerodynamic Smoothness
5120,STANDARD PRACTICES GENERAL Processes
5130,STANDARD PRACTICES GENERAL Materials
5140,STANDARD PRACTICES GENERAL Fasteners
5150,STANDARD PRACTICES GENERAL Support of Airplane for Repair and Alignment Check Procedures
5160,STANDARD PRACTICES GENERAL Control Surface Balancing
5170,STANDARD PRACTICES GENERAL Repairs
5180,STANDARD PRACTICES GENERAL Electrical Bonding
5200,DOORS General
5210,DOORS Passenger Crew
5220,DOORS Emergency Exit
5230,DOORS Cargo
5240,DOORS Service and Miscellaneous
5250,DOORS Fixed Interior
5260,DOORS Entrance Stairs
5270,DOORS Monitoring and Operation
5280,DOORS Landing Gear
5300,FUSELAGE General
5310,FUSELAGE Main Frame
5320,FUSELAGE Auxiliary Structure
5330,FUSELAGE Plates-Skin
5340,FUSELAGE Attach Fittings
5350,FUSELAGE Aerodynamic Fairings
5400,NACELLES PYLONS General
5500,STABILIZERS General
5510,STABILIZERS Horizontal Stabilizer or Canard
5520,STABILIZERS Elevator
5530,STABILIZERS Vertical Stabilizer
5540,STABILIZERS Rudder
5600,WINDOWS General
5610,WINDOWS Flight Compartment
5620,WINDOWS Passenger Compartment
5630,WINDOWS Door
5640,WINDOWS Inspection and Observation
5700,WINGS General
5710,WINGS Center Wing
5720,WINGS Outer Wing
5730,WINGS Wing Tip
5740,WINGS Leading Edge and Leading Edge Devices
5750,WINGS Trailing Edge Trailing Edge Devices
5760,WINGS Ailerons and Elevons
5770,WINGS Spoilers
5790,WINGS Wing Folding System
6000,STANDARD PRACTICES  PROPELLER ROTOR General
6100,PROPELLERS PROPULSION General
6110,PROPELLERS PROPULSION Propeller Assembly
6120,PROPELLERS PROPULSION Controlling
6130,PROPELLERS PROPULSION Braking
6140,PROPELLERS PROPULSION Indicating
6150,PROPELLERS PROPULSION Propulsor Duct
6200,ROTOR General
6210,ROTOR Rotor blades
6220,ROTOR Rotor head
6230,ROTOR Rotor Shaft or Swashplate Assembly
6240,ROTOR Indicating
6300,ROTOR DRIVE General
6310,ROTOR DRIVE Engine Gearbox couplings
6320,ROTOR DRIVE Gearbox
6330,ROTOR DRIVE Mounts attachments
6340,ROTOR DRIVE Indicating
6400,TAIL ROTOR General
6410,TAIL ROTOR Rotor blades
6420,TAIL ROTOR Rotor head
6430,TAIL ROTOR Available
6440,TAIL ROTOR Indicating
6500,TAIL ROTOR DRIVE General
6510,TAIL ROTOR DRIVE Shafts
6520,TAIL ROTOR DRIVE Gearboxes
6530,TAIL ROTOR DRIVE Available
6540,TAIL ROTOR DRIVE Indicating
6600,FOLDING BLADES PYLON General
6610,FOLDING BLADES PYLON Rotor blades
6620,FOLDING BLADES PYLON Tail pylon
6630,FOLDING BLADES PYLON Controls and Indicating
6700,ROTORS FLIGHT CONTROL General
6710,ROTORS FLIGHT CONTROL Rotor
6720,ROTORS FLIGHT CONTROL Antitorque Rotor control (Yaw control)
6730,ROTORS FLIGHT CONTROL Servo-control System
7000,STANDARD PRACTICES ENGINES General
7100,POWER PLANT General
7110,POWER PLANT Cowling
7120,POWER PLANT Mounts
7130,POWER PLANT Fireseals
7140,POWER PLANT Attach Fittings
7150,POWER PLANT Electrical Harness
7160,POWER PLANT Air Intakes
7170,POWER PLANT Engine Drains
7200,ENGINE TURBINE TURBO PROP DUCTED FAN UNDUCTED FAN General
7210,ENGINE TURBINE TURBO PROP DUCTED FAN UNDUCTED FAN Reduction Gear  Shaft Section (TurboProp or Front Mounted Gear Driven Propulsor)
7220,ENGINE TURBINE TURBO PROP DUCTED FAN UNDUCTED FAN Air Inlet Section
7230,ENGINE TURBINE TURBO PROP DUCTED FAN UNDUCTED FAN Compressor Section
7240,ENGINE TURBINE TURBO PROP DUCTED FAN UNDUCTED FAN Combustion Section
7250,ENGINE TURBINE TURBO PROP DUCTED FAN UNDUCTED FAN Turbine Section
7260,ENGINE TURBINE TURBO PROP DUCTED FAN UNDUCTED FAN Accessory Drives
7270,ENGINE TURBINE TURBO PROP DUCTED FAN UNDUCTED FAN Bypass Section
7280,ENGINE TURBINE TURBO PROP DUCTED FAN UNDUCTED FAN Propulsor Section Rear Mounted
7300,ENGINE FUEL AND CONTROL General
7310,ENGINE FUEL AND CONTROL Distribution
7320,ENGINE FUEL AND CONTROL Controlling
7330,ENGINE FUEL AND CONTROL Indicating
7400,IGNITION General
7410,IGNITION Electrical Power
7420,IGNITION Distribution
7430,IGNITION Switching
7500,AIR General
7510,AIR Engine AntiIcing
7520,AIR Cooling
7530,AIR Compressor Control
7540,AIR Indicating
7600,ENGINE CONTROLS General
7610,ENGINE CONTROLS Power Control
7620,ENGINE CONTROLS Emergency Shutdown
7700,ENGINE INDICATING General
7710,ENGINE INDICATING Power
7720,ENGINE INDICATING Temperature
7730,ENGINE INDICATING Analyzers
7740,ENGINE INDICATING Integrated Engine Instrument Systems
7800,EXHAUST General
7810,EXHAUST Collector Nozzle
7820,EXHAUST Noise Suppressor
7830,EXHAUST Thrust Reverser
7840,EXHAUST Supplementary Air
7900,OIL General
7910,OIL Storage
7920,OIL Distribution
7930,OIL Indicating
8000,STARTING General
8010,STARTING Cranking
8100,TURBINES General
8110,TURBINES Power Recovery
8120,TURBINES Turbo Supercharger
8200,WATER INJECTION General
8210,WATER INJECTION Storage
8220,WATER INJECTION Distribution
8230,WATER INJECTION Dumping and Purging
8240,WATER INJECTION Indicating
8300,ACCESSORY GEAR BOXES General
8310,ACCESSORY GEAR BOXES Drive Shaft Section
8320,ACCESSORY GEAR BOXES Gearbox Section
8400,PROPULSION AUGMENTATION General
8410,PROPULSION AUGMENTATION Jet Assist Takeoff
8410,RECIPROCATING ENGINE Fuel Cell Stack
9100,CHARTS General
9700,WIRING REPORTING General